level,trial,seed,passed,peak_error_mm,rms_error_mm,first_failure_s,failure_reason,max_beam_angle_deg,camera_delay_ms,camera_noise_mm,camera_outlier_probability,longest_camera_dropout_ms,imu_delay_ms,imu_accel_bias,state_packet_dropout_probability,actuator_time_constant_ms,actuator_command_delay_ms,actuator_gain,actuator_deadband_deg,largest_impact_impulse_mps,viscous_damping,coulomb_accel,static_friction_accel
0.0,0,20260729,True,1.381552845983196,0.3695921021681252,,none,2.2461107187381737,33.0,0.7,0.0,0.0,5.0,-0.0,0.0,25.0,0.0,1.0,0.0,0.0,0.28,0.006,0.0
0.0,1,20270736,True,1.7852145681180913,0.35516282472357835,,none,2.4070829867691015,33.0,0.7,0.0,0.0,5.0,-0.0,0.0,25.0,0.0,1.0,0.0,0.0,0.28,0.006,0.0
0.0,2,20280743,True,3.865723437066841,0.427675141729848,,none,2.370850344671844,33.0,0.7,0.0,0.0,5.0,0.0,0.0,25.0,0.0,1.0,0.0,0.0,0.28,0.006,0.0
0.0,3,20290750,True,2.495261200664429,0.3564487799747234,,none,2.083475478883223,33.0,0.7,0.0,0.0,5.0,-0.0,0.0,25.0,0.0,1.0,0.0,0.0,0.28,0.006,0.0
0.0,4,20300757,True,2.2824506665261826,0.38701241160017547,,none,2.1488042174844977,33.0,0.7,0.0,0.0,5.0,-0.0,0.0,25.0,0.0,1.0,0.0,0.0,0.28,0.006,0.0
0.0,5,20310764,True,0.9744672693659533,0.32700432797175916,,none,2.1578704362193895,33.0,0.7,0.0,0.0,5.0,0.0,0.0,25.0,0.0,1.0,0.0,0.0,0.28,0.006,0.0
0.0,6,20320771,True,2.700456231072929,0.3601682525170756,,none,2.0769890241811915,33.0,0.7,0.0,0.0,5.0,0.0,0.0,25.0,0.0,1.0,0.0,0.0,0.28,0.006,0.0
0.0,7,20330778,True,3.412072776090891,0.39783821137871883,,none,2.267609139876753,33.0,0.7,0.0,0.0,5.0,-0.0,0.0,25.0,0.0,1.0,0.0,0.0,0.28,0.006,0.0
0.0,8,20340785,True,3.695825635874582,0.40037330179031916,,none,2.393487704631178,33.0,0.7,0.0,0.0,5.0,0.0,0.0,25.0,0.0,1.0,0.0,0.0,0.28,0.006,0.0
0.0,9,20350792,True,3.394655922842968,0.43442471397306387,,none,2.3472122014127232,33.0,0.7,0.0,0.0,5.0,-0.0,0.0,25.0,0.0,1.0,0.0,0.0,0.28,0.006,0.0
0.0,10,20360799,True,2.133810055190538,0.37696202219348585,,none,2.328859781580883,33.0,0.7,0.0,0.0,5.0,-0.0,0.0,25.0,0.0,1.0,0.0,0.0,0.28,0.006,0.0
0.0,11,20370806,True,1.624854994204157,0.3285011510018778,,none,2.16149834104884,33.0,0.7,0.0,0.0,5.0,0.0,0.0,25.0,0.0,1.0,0.0,0.0,0.28,0.006,0.0
1.0,0,20260729,True,3.0745308731116805,0.6049056947243692,,none,3.2100690076038254,42.07500716752009,1.0890363028105885,0.004,32.981541849167684,7.0,-0.0023716387944757943,0.012,37.00000000000001,4.0,0.92,0.04,0.006663228102312645,0.29598914774903484,0.009601765637001426,0.004985767983964886
1.0,1,20270736,True,1.9189431053836,0.6000202609118086,,none,2.38453208625141,39.28276988659387,1.0791733640710401,0.004,41.96911741721365,7.0,0.019256576661058646,0.012,37.00000000000001,4.0,0.92,0.04,0.0026553912481852007,0.2897692633812435,0.012051473386209877,0.006070166140042323
1.0,2,20280743,True,1.5434645477781652,0.5619730823907044,,none,2.2570523497765147,42.699812645789805,0.9767977013752488,0.004,37.626195300966,7.0,-0.018474760536611186,0.012,37.00000000000001,4.0,0.92,0.04,0.009911820124053238,0.241641646530655,0.010842497365658158,0.004004314429389385
1.0,3,20290750,True,2.172962671193426,0.5156739270572079,,none,2.8919419829352586,42.45413523038326,0.9537615087571293,0.004,33.69226976546624,7.0,0.005184768974721328,0.012,37.00000000000001,4.0,0.92,0.04,0.004931096332084359,0.32525529402169845,0.01231423187769521,0.005950117772526895
1.0,4,20300757,True,2.6258549620907647,0.7123200169119291,,none,2.847474144872174,40.00920753598001,1.049322274684936,0.004,52.173478164545095,7.0,0.008342101954887712,0.012,37.00000000000001,4.0,0.92,0.04,0.008946850175991472,0.22844154713057832,0.012085477899471673,0.005617950714839839
1.0,5,20310764,True,2.587545719498714,0.6451722509828407,,none,2.847537427401647,41.43316700753494,1.0095155887811322,0.004,57.31537457216973,7.0,0.005377605169114821,0.012,37.00000000000001,4.0,0.92,0.04,0.007316204526949642,0.20155229791547313,0.011653649765110376,0.0063666953291285945
1.0,6,20320771,True,3.8547922020318888,0.5603889901874658,,none,2.812265054257667,40.04755389410936,0.959568929530951,0.004,52.56918651263298,7.0,-0.015076383503673019,0.012,37.00000000000001,4.0,0.92,0.04,0.002883069040466907,0.3746146126607466,0.010830491034927349,0.006064895494336768
1.0,7,20330778,True,2.0415979980400505,0.5986483642430366,,none,2.94545643762851,39.57262478145873,1.034999431083926,0.004,50.48757366914991,7.0,0.005811434656828194,0.012,37.00000000000001,4.0,0.92,0.04,0.007700785584752452,0.24581698903829194,0.009686368280777076,0.01082167813515552
1.0,8,20340785,True,1.9861603111190935,0.5074300447654373,,none,2.5575911180748747,40.27067764597583,1.0461744165796067,0.004,37.478836649709635,7.0,-0.010663621083883053,0.012,37.00000000000001,4.0,0.92,0.04,0.008642564297944404,0.2491674647743815,0.013561158904079882,0.008834978493435019
1.0,9,20350792,True,3.7723814206054116,0.5517101469732835,,none,2.292028632194096,40.54640481816044,1.0090184563547906,0.004,56.42964658461569,7.0,-0.0023316462985350085,0.012,37.00000000000001,4.0,0.92,0.04,0.007104580399763245,0.31692404072862324,0.009807977496530432,0.00929552865410822
1.0,10,20360799,True,2.427895665599815,0.62508360593979,,none,3.1512432290493,42.7567331345946,1.0268611772794736,0.004,55.13233318892574,7.0,-0.002309432475401341,0.012,37.00000000000001,4.0,0.92,0.04,0.0053801219973527575,0.341090316355465,0.013737644948966447,0.0060101825983830195
1.0,11,20370806,True,2.132777702952833,0.657416800290064,,none,2.8848461633280156,40.46307952454425,1.062459338418789,0.004,52.537875393056765,7.0,-0.003265646812815346,0.012,37.00000000000001,4.0,0.92,0.04,0.009124575876008708,0.2636217729449202,0.011536183660772996,0.009570055597121764
2.0,0,20260729,True,6.482073953805517,1.0627742569726282,,none,3.1023694779521067,50.43776270258651,1.3247113767861274,0.008,79.36438544407842,9.000000000000002,0.002661843444015464,0.024,49.0,8.0,0.84,0.08,0.012401179704853249,0.4330739279572585,0.01964871436344566,0.01498500146504449
2.0,1,20270736,True,3.550162756450733,0.9729532548527573,,none,2.88897750234483,47.78127910228592,1.361011884153644,0.008,83.93823483443086,9.000000000000002,-0.00010254960833623983,0.024,49.0,8.0,0.84,0.08,0.013176580924672894,0.37886478632101395,0.01406365698260288,0.019497907735979425
2.0,2,20280743,True,4.825947901178601,1.255785015601463,,none,3.029003082885507,49.067550094749315,1.2264262632863594,0.008,75.25239060193023,9.000000000000002,-0.021492601541931125,0.024,49.0,8.0,0.84,0.08,0.01817369899944839,0.42940876827711305,0.01686100382064005,0.02084183934890831
2.0,3,20290750,True,2.694645622143211,0.8535581888523976,,none,3.148644094543289,51.668226206260194,1.4541920069012273,0.008,67.38453953093249,9.000000000000002,0.015669019565199296,0.024,49.0,8.0,0.84,0.08,0.018549151539257645,0.4482390002982408,0.021464880994606868,0.019062302088485354
2.0,4,20300757,True,2.739430699733009,0.8478031267816813,,none,2.845631681740913,46.620156726015196,1.3282488721166394,0.008,118.68720469924111,9.000000000000002,-0.027359312386409648,0.024,49.0,8.0,0.84,0.08,0.020446219862102342,0.3309971816838845,0.020299443025174037,0.013759112764417089
2.0,5,20310764,True,4.627903370164174,0.9443088256490456,,none,2.9138868218902605,47.93858770552826,1.4212231763540213,0.008,114.63074914433946,9.000000000000002,-0.039310089815345284,0.024,49.0,8.0,0.84,0.08,0.01318752575715972,0.47156411623377126,0.02064696728598057,0.010132344831413226
2.0,6,20320771,True,2.1596150560954928,0.7521387150630968,,none,2.6984722210623135,50.89301229053774,1.3341756017205904,0.008,105.13837302526596,9.000000000000002,0.03760649451588737,0.024,49.0,8.0,0.84,0.08,0.017007033254293445,0.43008779954928644,0.016066353899291584,0.022353583567334977
2.0,7,20330778,True,3.1032114071285557,0.9667963488031228,,none,3.102196777006269,47.941770813330216,1.4436885616428077,0.008,100.97514733829804,9.000000000000002,-0.01963689376075915,0.024,49.0,8.0,0.84,0.08,0.012421590049182809,0.1300276167164731,0.020363973638651736,0.01904106973699091
2.0,8,20340785,True,3.5533702193717858,1.0168737567930466,,none,3.0170514775373443,46.93357245635056,1.285061843025377,0.008,98.14570935279576,9.000000000000002,-0.01814779343360823,0.024,49.0,8.0,0.84,0.08,0.016056288929143483,0.28681374375774055,0.015045324083017996,0.020383431100207728
2.0,9,20350792,True,2.412839394347302,0.9379751506010365,,none,2.8647943100027713,46.862281293068826,1.4110809416960282,0.008,112.85929316923048,9.000000000000002,0.01196624032383255,0.024,49.0,8.0,0.84,0.08,0.01127682732991984,0.47600352125519785,0.01863130427578223,0.016612954361003344
2.0,10,20360799,True,3.615811200377899,1.0398832426817335,,none,2.979320708948455,52.20290179762889,1.4387704899393536,0.008,110.26466637785326,9.000000000000002,0.022706807269095543,0.024,49.0,8.0,0.84,0.08,0.01749093974662966,0.24107283040445232,0.021818984555460642,0.017550482190873393
2.0,11,20370806,True,3.938271478242116,0.9726798156274342,,none,2.5462873755219437,50.63243744512729,1.4628564685800713,0.008,110.46201344455397,9.000000000000002,-0.011723656468924384,0.024,49.0,8.0,0.84,0.08,0.01838325475004927,0.1326819283801054,0.020203670714588905,0.021164941578381335
3.0,0,20260729,True,6.020758346786993,1.552529782319314,,none,2.6144315000298644,59.57776369109335,1.4873339973557544,0.012,166.13061560267715,11.0,-0.007612489012166322,0.036000000000000004,61.00000000000001,12.0,0.76,0.12,0.019329342142294398,0.09471922785117781,0.027293547527010555,0.02818351234763226
3.0,1,20270736,True,5.4942851898421,1.5093342466967477,,none,2.666937657701387,51.128657351140504,1.6639273781773214,0.012,125.90735225164451,11.0,0.0262343080198457,0.036000000000000004,61.00000000000001,12.0,0.76,0.12,0.01976487138700934,0.1316901586978807,0.02203382178004127,0.02896851003233767
3.0,2,20280743,False,10.426297458590678,2.106794930327202,20.624,track_impact,2.5446852801231974,62.235630317763324,1.8106190368601016,0.012,176.88503883622175,11.0,0.03631379511681231,0.036000000000000004,61.00000000000001,12.0,0.76,0.12,0.02527547143950196,0.08226389602377177,0.022589496158809327,0.01310697698416824
3.0,3,20290750,True,7.8788369006605965,1.8775664792244942,,none,2.852624857734703,56.73989049812248,1.5161088027914749,0.012,177.66276862803298,11.0,0.022967265663640136,0.036000000000000004,61.00000000000001,12.0,0.76,0.12,0.027061933155292178,0.25875262796389714,0.01904962200420318,0.03359833158264334
3.0,4,20300757,True,5.568036543066069,1.664606519225934,,none,2.816400009499424,54.625967472526355,1.8806323003469978,0.012,178.03080704886122,11.0,-0.016806654266871827,0.036000000000000004,61.00000000000001,12.0,0.76,0.12,0.030669329793153517,0.17222030020456042,0.02052041182951605,0.012529721654335964
3.0,5,20310764,True,7.735196107414291,1.8760107483559303,,none,2.8531031231547095,58.56717535908605,1.5985287665224028,0.012,171.94612371651095,11.0,-0.04400741376440081,0.036000000000000004,61.00000000000001,12.0,0.76,0.12,0.031414880928200856,0.5102871576844499,0.018815521554860555,0.014762588719102849
3.0,6,20320771,True,6.0527161238525125,1.344004023060249,,none,2.743784063620206,55.39391732032758,1.693642719717775,0.012,157.70755953790072,11.0,0.047651876755012326,0.036000000000000004,61.00000000000001,12.0,0.76,0.12,0.025510549881440168,0.4544391636028353,0.02273575561829158,0.01823999118311515
3.0,7,20330778,True,5.565832064425599,1.4188954774896065,,none,2.632848725931022,58.32081244019908,1.5472081166842493,0.012,174.45589249221527,11.0,0.02280802302743182,0.036000000000000004,61.00000000000001,12.0,0.76,0.12,0.018632385073774214,0.23681206832443447,0.025139378212061823,0.022274479716137576
3.0,8,20340785,True,4.896147923634831,1.5877582325571844,,none,2.6922634012648405,59.79715576090995,1.7832833516669826,0.012,147.21856402919542,11.0,0.03287573325155796,0.036000000000000004,61.00000000000001,12.0,0.76,0.12,0.024484967188784873,0.4794412539948044,0.0284005759921346,0.01624857442605208
3.0,9,20350792,True,4.101937962108851,1.373954749864165,,none,2.6581601431374446,60.339783071670915,1.4782647069092625,0.012,169.2889397538462,11.0,0.004597157707525099,0.036000000000000004,61.00000000000001,12.0,0.76,0.12,0.017780837277779314,0.2283368032792426,0.018342279106769735,0.021254269439856227
3.0,10,20360799,True,8.477913905074368,2.395167997487401,,none,2.8948518791439835,61.6046905998671,1.772559308128495,0.012,165.39699956677902,11.0,0.011628616431550456,0.036000000000000004,61.00000000000001,12.0,0.76,0.12,0.027625779628823833,0.5754162935731534,0.019043785892288865,0.027749856408740496
3.0,11,20370806,False,30.84815994079391,4.679689730038908,18.907,track_impact,2.9197321643632876,60.44511369493491,1.7902137336204298,0.012,172.46546954102726,11.0,0.038737061837860014,0.036000000000000004,61.00000000000001,12.0,0.76,0.12,0.027574882125073905,0.16366398639732377,0.0162702751782444,0.03569994022013312
4.0,0,20260729,False,13.306702759092401,3.7663133954433716,0.913,friction_or_model_mismatch,2.559711812639517,69.85810093433588,2.02755650705856,0.016,221.50748747023562,13.000000000000002,-0.06378689545150287,0.048,73.00000000000001,16.0,0.6799999999999999,0.16,0.035862396451870206,0.11024290679227339,0.022251523942949478,0.03323708386414874
4.0,1,20270736,False,16.655078996750134,3.1818814027982465,0.807,friction_or_model_mismatch,2.555413431833562,57.45444361587465,1.7957812575118919,0.016,167.87646966885816,13.000000000000002,-0.05283254557099833,0.048,73.00000000000001,16.0,0.6799999999999999,0.16,0.03292974553055589,0.08940709655152174,0.03762404388394972,0.033906927953221866
4.0,2,20280743,False,18.54452877296393,4.264354381034266,1.997,track_impact,2.5576436884296223,68.61549980313048,2.16381098926941,0.016,235.84671844829685,13.000000000000002,-0.06747736414110467,0.048,73.00000000000001,16.0,0.6799999999999999,0.16,0.029910305873369677,0.1112251897678109,0.02949677894800986,0.04580869936428617
4.0,3,20290750,False,11.44084022189192,2.9196128281845235,1.25,friction_or_model_mismatch,2.5571387997164403,62.66290279654182,1.957538692102421,0.016,236.88369150404398,13.000000000000002,-0.015184406529215657,0.048,73.00000000000001,16.0,0.6799999999999999,0.16,0.03560799877158232,0.02,0.0361989422834415,0.04261328474584727
4.0,4,20300757,False,18.780046013801424,3.7804490606311134,6.872,vision_delay_or_dropout,2.550979945122409,65.67229249075926,2.1350639180653403,0.016,237.37440939848221,13.000000000000002,-0.040823614754204325,0.048,73.00000000000001,16.0,0.6799999999999999,0.16,0.030250126695562103,0.35712689870977976,0.02887664639879213,0.045857975285121325
4.0,5,20310764,True,9.325987360269362,2.3367884102928174,,none,2.556540351276442,65.5938876117614,1.7522858017386778,0.016,229.26149828868068,13.000000000000002,0.05934434301761478,0.048,73.00000000000001,16.0,0.6799999999999999,0.16,0.03529130899182142,0.6262695328835366,0.02324674385292947,0.04674106882647709
4.0,6,20320771,False,16.6349073262781,3.620479170110969,13.939,track_impact,2.5585903346054057,60.520919929115244,1.779721996224387,0.016,210.2767460505337,13.000000000000002,0.04279678921565491,0.048,73.00000000000001,16.0,0.6799999999999999,0.16,0.029936377331906586,0.04958749145715291,0.026479794999044647,0.020784659240589747
4.0,7,20330778,False,11.451151222727992,2.6495548256253936,13.554,track_impact,2.5491991590738983,57.58747066106979,2.107086726981123,0.016,232.60785665628703,13.000000000000002,-0.021685313089056458,0.048,73.00000000000001,16.0,0.6799999999999999,0.16,0.03266710630081292,0.5094244236943237,0.03579073897082265,0.032813966606507344
4.0,8,20340785,True,9.81925636779513,2.29680346801036,,none,2.482636821316941,61.62858826725918,1.8640259338920466,0.016,196.29141870559152,13.000000000000002,0.05020481599846058,0.048,73.00000000000001,16.0,0.6799999999999999,0.16,0.032424232919772485,0.1898081684181049,0.03249991622301449,0.021788981643661096
4.0,9,20350792,False,10.54218094867926,3.2661451618125703,24.407,track_impact,2.4932596200875183,62.66402723661696,2.0155552192025614,0.016,225.71858633846188,13.000000000000002,-0.02419650273207628,0.048,73.00000000000001,16.0,0.6799999999999999,0.16,0.030432439151342167,0.05039283850203713,0.031928522534280745,0.021033899625231632
4.0,10,20360799,False,19.92062435021918,4.770231061323217,1.172,friction_or_model_mismatch,2.5593626161929133,66.95413270759757,1.9950673850230933,0.016,220.52933275570473,13.000000000000002,0.07864186476241582,0.048,73.00000000000001,16.0,0.6799999999999999,0.16,0.03900870633663791,0.11628564431469085,0.03519021377379358,0.022564666634506857
4.0,11,20370806,False,10.566180243133106,2.5975688560260117,2.114,track_impact,2.502054144147709,66.38903920169649,1.81414320978789,0.016,229.95395938803398,13.000000000000002,-0.0433588188452374,0.048,73.00000000000001,16.0,0.6799999999999999,0.16,0.03515945785035316,0.2039956532283323,0.02941570984306023,0.028528255920011947
5.0,0,20260729,False,21.129647705440156,6.041223795731633,3.5500000000000003,track_impact,2.1998132014218665,70.70143589088984,2.5728414534646022,0.02,276.8843593377959,15.0,0.007731774150929627,0.06,84.99999999999999,20.0,0.6,0.2,0.04482799556483776,0.641418348972912,0.04241845843524148,0.021550254963376075
5.0,1,20270736,False,25.529084064105295,6.937772231134134,5.258,track_impact,2.1998780772363706,74.88463223322425,2.5000324431958623,0.02,209.84558708607537,15.0,0.011918299707636627,0.06,84.99999999999999,20.0,0.6,0.2,0.04116218191319485,0.3764877045115679,0.029545657733205423,0.04916855485514912
5.0,2,20280743,False,25.909122006233595,7.059115603913289,0.987,track_impact,2.199594745294108,75.77207701767273,2.2133145862682673,0.02,298.9848510925821,15.0,0.08630437102678856,0.06,84.99999999999999,20.0,0.6,0.2,0.03928832818906336,0.29287090099739405,0.03445958315397628,0.05622298326062536
5.0,3,20290750,False,35.333092862698955,7.506971170508818,6.363,track_impact,2.1999096503358913,64.0649058642282,2.0323586177132937,0.02,296.10461438005495,15.0,0.06633302966154542,0.06,84.99999999999999,20.0,0.6,0.2,0.0445099984644779,0.1957450019408083,0.024904946929716662,0.027066871132820865
5.0,4,20300757,False,14.950293798468653,3.8592579475800535,11.318,track_impact,2.189108755876681,81.93278455655376,2.0028014345641134,0.02,296.7180117481023,15.0,0.08661234553200824,0.06,84.99999999999999,20.0,0.6,0.2,0.03781265836945263,0.36759562219250774,0.03916263119197253,0.025571836571329692
5.0,5,20310764,False,120.0,51.20277698682382,16.738,vision_delay_or_dropout,2.1999999999999833,73.44665747918451,2.606422072154007,0.02,286.5768728608504,15.0,0.09213168016548182,0.06,84.99999999999999,20.0,0.6,0.2,0.034552429304852125,0.3253139700827484,0.029002012716960207,0.05565793552947737
5.0,6,20320771,False,28.35937559351668,7.1382466653211845,0.873,vision_delay_or_outlier,2.1999298567816745,65.97638904724253,2.149358878222082,0.02,262.8459325631667,15.0,-0.07009587974631408,0.06,84.99999999999999,20.0,0.6,0.2,0.03742047166488323,0.15496813285826752,0.03207479778394387,0.05134661025151188
5.0,7,20330778,False,21.391577216289903,5.896885903878199,2.529,vision_delay_or_dropout,2.196893822364327,66.91916402909423,2.350435910476222,0.02,290.75982082035875,15.0,0.005087291290670914,0.06,84.99999999999999,20.0,0.6,0.2,0.046175909134850146,0.08798999447396744,0.025566604082982676,0.021786235912639666
5.0,8,20340785,False,22.369561859295573,6.109146473469265,0.556,vision_delay_or_outlier,2.199467190319551,66.44794904570728,2.309812890466426,0.02,245.36427338199118,15.0,-0.06381886472711815,0.06,84.99999999999999,20.0,0.6,0.2,0.040530291149715604,0.21642170690203438,0.032396055426567656,0.03510398792645972
5.0,9,20350792,False,12.420659852377545,3.8587100994553527,0.787,vision_delay_or_outlier,2.1988707385740365,72.30754508013274,1.9689105325625578,0.02,282.14823292307756,15.0,-0.06853812734230229,0.06,84.99999999999999,20.0,0.6,0.2,0.03804054893917771,0.6322036267833537,0.02438307991009009,0.034851555481937774
5.0,10,20360799,False,13.238849386663839,4.35326864111838,6.425,track_impact,2.1961163565196595,77.20546492495833,1.982040999698521,0.02,275.66166594463226,15.0,-0.05897083353433215,0.06,84.99999999999999,20.0,0.6,0.2,0.04876088292079739,0.343139363120672,0.04400583505093396,0.05188536469896963
5.0,11,20370806,False,22.190591328821355,4.728544008251216,2.15,track_impact,2.198092814461972,63.22121056164198,2.0675060435401265,0.02,287.44244923504425,15.0,-0.02169840049992533,0.06,84.99999999999999,20.0,0.6,0.2,0.04394932231294145,0.6705417794441733,0.032869760690454955,0.03174790848027954
